order_id,customer_id,fecha_orden,estado
1,269,2025-06-24,cancelado
2,82,2025-12-07,completado
3,470,2025-11-28,completado
4,210,2025-11-06,completado
5,348,2025-05-07,completado
6,405,2026-03-20,completado
7,172,2025-06-26,completado
8,49,2025-11-06,completado
9,198,2025-07-01,completado
10,371,2025-06-08,completado
11,494,2026-02-22,cancelado
12,448,2025-07-20,cancelado
13,42,2026-03-14,completado
14,73,2026-02-16,completado
15,159,2025-04-12,cancelado
16,358,2026-03-29,cancelado
17,67,2026-02-17,completado
18,481,2025-11-11,completado
19,287,2025-11-06,completado
20,406,2025-11-07,completado
21,66,2025-12-11,completado
22,425,2025-10-26,completado
23,351,2025-04-29,cancelado
24,48,2025-10-01,cancelado
25,217,2025-08-27,completado
26,10,2025-11-09,completado
27,93,2025-05-09,completado
28,175,2026-02-18,cancelado
29,249,2026-02-21,cancelado
30,71,2025-04-22,completado
31,152,2025-09-07,completado
32,52,2025-07-23,completado
33,277,2025-11-11,completado
34,453,2025-07-18,completado
35,339,2026-03-26,completado
36,393,2025-08-12,completado
37,306,2025-09-21,completado
38,84,2025-04-05,completado
39,355,2025-05-12,completado
40,415,2025-06-18,completado
41,370,2025-09-13,cancelado
42,211,2025-11-04,completado
43,369,2025-06-04,completado
44,228,2025-07-10,completado
45,386,2025-10-16,completado
46,230,2026-01-20,completado
47,123,2025-10-02,completado
48,415,2026-01-18,completado
49,463,2025-09-18,completado
50,189,2025-08-14,completado
51,293,2025-11-15,completado
52,237,2025-04-03,cancelado
53,399,2025-11-03,completado
54,271,2026-03-22,completado
55,83,2026-02-09,completado
56,411,2026-03-27,completado
57,447,2025-07-11,completado
58,329,2025-11-28,completado
59,191,2026-02-14,completado
60,53,2026-01-13,completado
61,265,2025-11-11,completado
62,146,2025-07-27,cancelado
63,83,2026-02-16,completado
64,464,2025-06-21,completado
65,426,2025-11-02,completado
66,485,2025-06-25,completado
67,419,2026-01-06,cancelado
68,179,2025-12-08,completado
69,213,2025-07-04,cancelado
70,258,2025-12-30,completado
71,198,2025-07-25,completado
72,192,2025-11-23,cancelado
73,164,2026-02-09,completado
74,430,2025-11-04,cancelado
75,172,2025-09-07,completado
76,71,2025-06-11,completado
77,470,2026-01-13,completado
78,357,2025-11-29,completado
79,389,2025-06-09,completado
80,230,2026-01-01,completado
81,464,2025-12-16,completado
82,132,2025-05-05,completado
83,77,2025-08-06,completado
84,373,2025-07-22,completado
85,217,2025-09-18,completado
86,148,2025-09-14,completado
87,63,2025-12-27,completado
88,215,2025-12-30,completado
89,319,2025-10-18,completado
90,57,2025-09-08,completado
91,256,2025-12-17,completado
92,9,2025-11-05,completado
93,295,2026-02-14,completado
94,74,2025-08-19,completado
95,1,2025-05-29,completado
96,124,2025-05-27,completado
97,96,2025-06-06,completado
98,44,2026-01-18,completado
99,185,2025-10-30,completado
100,270,2025-09-19,completado
101,403,2025-08-17,completado
102,284,2026-02-01,cancelado
103,448,2026-01-20,completado
104,326,2025-04-28,completado
105,192,2026-01-18,completado
106,9,2025-08-09,completado
107,35,2025-04-30,completado
108,376,2026-01-02,completado
109,54,2025-08-17,completado
110,377,2025-07-08,completado
111,69,2025-08-28,completado
112,280,2025-08-25,completado
113,330,2025-10-14,completado
114,399,2025-11-20,completado
115,357,2025-04-24,completado
116,94,2025-11-29,completado
117,33,2026-03-03,completado
118,484,2025-12-08,completado
119,151,2026-01-22,completado
120,406,2025-10-16,completado
121,22,2025-08-31,completado
122,159,2025-07-02,completado
123,418,2026-03-26,completado
124,130,2025-10-16,completado
125,332,2025-08-07,completado
126,183,2025-11-21,completado
127,25,2025-12-30,cancelado
128,170,2025-07-14,cancelado
129,410,2025-07-31,completado
130,456,2025-10-15,completado
131,226,2025-08-04,completado
132,198,2026-01-07,cancelado
133,96,2026-01-17,completado
134,255,2025-11-09,completado
135,409,2025-04-09,completado
136,411,2026-03-05,completado
137,218,2026-01-07,completado
138,309,2025-05-08,completado
139,93,2025-05-04,cancelado
140,165,2026-01-12,completado
141,168,2025-12-28,completado
142,157,2025-12-24,completado
143,368,2025-12-17,completado
144,354,2025-12-29,completado
145,229,2025-05-17,completado
146,446,2025-04-23,completado
147,315,2026-01-18,cancelado
148,141,2026-01-30,cancelado
149,406,2025-06-17,completado
150,39,2025-05-22,cancelado
151,208,2025-08-09,completado
152,411,2025-10-04,completado
153,82,2025-11-01,completado
154,74,2026-02-07,cancelado
155,348,2025-04-18,completado
156,18,2026-01-30,completado
157,121,2026-01-19,completado
158,188,2025-05-19,completado
159,487,2025-12-08,completado
160,310,2026-02-28,completado
161,231,2025-06-08,completado
162,191,2025-07-02,cancelado
163,40,2025-04-05,completado
164,272,2026-02-08,completado
165,161,2026-03-10,completado
166,128,2025-10-20,completado
167,14,2025-11-08,cancelado
168,256,2026-01-22,completado
169,468,2025-04-25,completado
170,135,2025-08-14,completado
171,361,2025-07-15,completado
172,314,2025-12-15,completado
173,470,2025-04-15,completado
174,103,2025-08-15,cancelado
175,437,2025-04-21,completado
176,89,2026-02-04,completado
177,228,2025-06-13,cancelado
178,415,2026-03-17,cancelado
179,433,2025-08-18,completado
180,342,2026-01-12,cancelado
181,34,2026-03-04,completado
182,149,2026-03-04,completado
183,436,2026-01-13,cancelado
184,364,2025-07-09,completado
185,327,2025-07-09,cancelado
186,186,2026-03-23,completado
187,63,2025-05-24,completado
188,406,2026-01-29,cancelado
189,405,2025-12-22,completado
190,185,2026-01-11,completado
191,189,2025-05-23,completado
192,283,2025-11-16,completado
193,453,2025-06-13,completado
194,159,2025-05-04,completado
195,368,2025-06-26,completado
196,270,2025-05-01,completado
197,210,2026-01-03,completado
198,38,2025-10-29,completado
199,163,2025-07-18,completado
200,231,2026-03-12,completado
201,265,2025-04-20,completado
202,450,2025-08-07,completado
203,283,2025-12-22,completado
204,94,2026-01-28,completado
205,67,2025-10-18,completado
206,467,2025-04-28,completado
207,426,2025-09-23,cancelado
208,79,2025-04-02,completado
209,83,2026-01-12,completado
210,364,2025-11-04,completado
211,486,2026-04-01,completado
212,459,2025-08-30,cancelado
213,41,2025-09-10,completado
214,326,2025-12-15,completado
215,141,2025-08-13,cancelado
216,156,2025-07-11,completado
217,48,2026-02-02,completado
218,87,2025-04-20,completado
219,298,2025-09-28,completado
220,338,2025-09-06,completado
221,462,2025-05-24,completado
222,432,2025-09-18,completado
223,22,2025-12-22,cancelado
224,15,2025-12-19,completado
225,486,2026-02-14,completado
226,296,2026-03-22,completado
227,108,2025-10-28,completado
228,214,2026-03-07,completado
229,16,2025-07-26,completado
230,322,2025-05-19,completado
231,329,2025-06-12,completado
232,248,2025-11-13,cancelado
233,414,2025-09-04,completado
234,153,2025-06-11,completado
235,353,2025-04-03,completado
236,226,2025-07-13,completado
237,238,2025-11-01,completado
238,311,2026-01-20,completado
239,442,2025-07-06,completado
240,376,2026-01-21,completado
241,177,2025-12-31,cancelado
242,67,2025-10-17,cancelado
243,264,2025-09-08,completado
244,164,2025-10-18,completado
245,63,2025-10-10,completado
246,127,2025-06-05,completado
247,26,2025-11-06,completado
248,197,2025-08-25,completado
249,215,2025-10-18,cancelado
250,444,2025-05-03,completado
251,417,2025-09-17,cancelado
252,296,2025-10-12,completado
253,98,2025-05-01,completado
254,256,2025-07-11,completado
255,240,2025-05-18,cancelado
256,158,2026-01-17,completado
257,47,2025-05-03,completado
258,259,2025-08-22,cancelado
259,124,2025-04-08,completado
260,181,2025-09-10,completado
261,145,2026-01-30,completado
262,452,2025-04-13,completado
263,345,2025-07-29,completado
264,275,2026-01-13,completado
265,56,2025-08-14,completado
266,452,2025-11-12,completado
267,188,2026-01-14,completado
268,188,2026-02-23,completado
269,27,2026-02-05,completado
270,100,2025-10-07,completado
271,148,2025-06-28,completado
272,259,2026-01-25,completado
273,282,2025-05-09,completado
274,320,2026-01-23,completado
275,61,2025-07-23,completado
276,50,2025-12-14,completado
277,407,2025-08-22,completado
278,286,2025-05-25,cancelado
279,387,2025-06-20,cancelado
280,309,2025-06-12,completado
281,257,2026-02-10,completado
282,20,2025-07-18,completado
283,171,2025-12-17,completado
284,266,2026-01-22,completado
285,311,2026-02-12,completado
286,72,2025-06-22,cancelado
287,314,2025-08-23,completado
288,202,2025-05-22,completado
289,379,2025-12-30,cancelado
290,304,2025-10-10,completado
291,425,2026-03-14,completado
292,251,2025-07-02,completado
293,154,2025-05-10,completado
294,9,2026-01-02,completado
295,345,2025-08-24,completado
296,214,2025-09-07,completado
297,408,2025-05-06,completado
298,447,2025-10-01,cancelado
299,14,2025-09-21,completado
300,136,2025-12-02,completado
301,401,2026-03-04,cancelado
302,297,2025-06-03,cancelado
303,370,2026-03-25,completado
304,246,2025-06-10,completado
305,323,2026-01-23,completado
306,397,2025-12-20,completado
307,76,2025-07-16,completado
308,125,2025-08-24,completado
309,486,2025-08-15,completado
310,98,2026-03-18,completado
311,161,2025-12-28,completado
312,212,2025-11-03,completado
313,211,2025-09-01,completado
314,314,2025-11-03,completado
315,447,2025-04-20,cancelado
316,373,2025-08-22,completado
317,71,2025-07-01,completado
318,288,2025-11-02,completado
319,340,2025-05-03,completado
320,193,2025-04-18,completado
321,89,2025-04-28,completado
322,273,2025-08-07,completado
323,182,2026-04-01,completado
324,445,2025-06-15,completado
325,330,2025-07-14,completado
326,136,2025-11-20,completado
327,99,2025-04-11,completado
328,143,2025-12-13,cancelado
329,116,2026-03-28,completado
330,153,2025-09-27,cancelado
331,361,2025-04-04,completado
332,361,2025-07-24,completado
333,246,2025-12-18,completado
334,479,2025-11-05,completado
335,370,2026-02-04,cancelado
336,63,2025-08-25,completado
337,279,2025-05-29,completado
338,203,2025-12-04,completado
339,489,2025-04-12,completado
340,75,2026-01-28,completado
341,148,2025-12-06,completado
342,41,2025-10-14,cancelado
343,227,2025-11-12,completado
344,383,2025-07-19,completado
345,104,2025-10-30,completado
346,139,2025-12-17,completado
347,357,2025-07-20,cancelado
348,56,2025-08-08,completado
349,301,2025-08-30,completado
350,26,2026-02-18,completado
351,272,2026-03-29,completado
352,120,2025-07-02,completado
353,212,2025-11-13,completado
354,242,2026-01-03,completado
355,395,2026-03-25,completado
356,494,2025-05-13,completado
357,476,2026-02-09,completado
358,335,2025-10-09,completado
359,450,2025-12-12,cancelado
360,334,2025-04-05,completado
361,494,2025-07-16,completado
362,147,2026-02-18,completado
363,465,2025-06-07,completado
364,334,2025-12-13,completado
365,274,2025-04-03,completado
366,436,2025-10-27,completado
367,468,2025-10-24,cancelado
368,214,2026-01-08,cancelado
369,91,2026-01-02,cancelado
370,19,2025-11-21,cancelado
371,204,2026-04-01,cancelado
372,96,2025-07-03,completado
373,493,2025-11-23,cancelado
374,149,2025-04-20,cancelado
375,5,2025-04-03,cancelado
376,309,2025-11-15,completado
377,172,2025-04-28,completado
378,329,2025-09-19,completado
379,253,2025-07-07,completado
380,69,2025-11-15,cancelado
381,240,2025-05-18,cancelado
382,415,2025-11-24,completado
383,84,2025-04-15,completado
384,332,2025-10-24,completado
385,96,2026-01-09,completado
386,173,2025-10-29,completado
387,291,2026-01-22,completado
388,99,2025-06-28,completado
389,439,2025-05-02,completado
390,208,2025-05-17,completado
391,264,2026-02-17,completado
392,206,2025-11-01,completado
393,95,2025-12-29,completado
394,245,2025-11-20,cancelado
395,128,2026-02-17,completado
396,197,2025-09-28,completado
397,386,2025-06-07,completado
398,169,2025-05-10,completado
399,371,2025-06-26,completado
400,134,2025-10-20,completado
401,355,2025-10-06,completado
402,342,2026-03-09,completado
403,158,2026-02-19,completado
404,352,2025-08-21,completado
405,459,2025-08-24,completado
406,395,2025-04-16,cancelado
407,61,2025-05-07,completado
408,482,2026-01-13,completado
409,315,2025-12-18,completado
410,491,2025-11-22,completado
411,79,2026-01-15,completado
412,311,2025-08-09,completado
413,360,2025-05-08,completado
414,242,2026-01-20,completado
415,411,2026-02-26,completado
416,112,2026-03-12,completado
417,349,2025-08-18,completado
418,448,2026-01-10,completado
419,270,2025-09-06,completado
420,361,2025-10-31,completado
421,470,2025-04-13,completado
422,32,2025-05-19,completado
423,463,2025-08-01,completado
424,294,2026-02-05,completado
425,85,2025-10-27,completado
426,267,2025-05-20,completado
427,349,2025-10-08,completado
428,299,2025-09-25,completado
429,461,2026-01-30,completado
430,415,2025-09-28,completado
431,68,2025-12-22,completado
432,234,2025-07-07,completado
433,287,2025-07-05,completado
434,414,2026-01-26,completado
435,12,2025-09-15,completado
436,419,2025-12-19,completado
437,112,2025-05-29,completado
438,24,2026-02-26,completado
439,359,2025-12-23,completado
440,31,2025-07-10,completado
441,36,2025-05-27,cancelado
442,242,2025-05-05,cancelado
443,210,2026-01-06,completado
444,70,2026-01-14,completado
445,374,2025-11-15,completado
446,216,2026-03-14,completado
447,457,2025-07-28,completado
448,446,2025-12-08,completado
449,194,2025-09-09,cancelado
450,350,2025-12-02,completado
451,448,2025-05-21,cancelado
452,335,2025-06-23,completado
453,61,2026-03-16,cancelado
454,276,2025-10-22,completado
455,66,2025-07-21,completado
456,115,2025-08-20,completado
457,388,2025-10-24,completado
458,153,2026-02-11,completado
459,369,2026-01-16,completado
460,273,2025-04-06,completado
461,118,2025-07-21,completado
462,178,2026-03-20,completado
463,97,2025-09-01,completado
464,372,2025-12-11,cancelado
465,17,2025-05-12,completado
466,215,2025-10-03,completado
467,480,2025-07-01,completado
468,9,2025-08-09,cancelado
469,35,2025-05-28,completado
470,18,2025-07-22,completado
471,345,2026-03-04,completado
472,25,2025-11-13,completado
473,23,2025-04-07,completado
474,120,2025-07-23,completado
475,387,2026-03-12,completado
476,29,2025-07-10,cancelado
477,149,2025-08-25,completado
478,470,2025-07-15,completado
479,164,2025-10-27,completado
480,396,2025-04-26,completado
481,165,2026-01-08,completado
482,449,2025-04-10,completado
483,339,2025-08-20,completado
484,212,2025-09-11,completado
485,32,2025-04-14,completado
486,303,2025-05-06,completado
487,467,2025-04-29,cancelado
488,348,2025-09-06,completado
489,254,2025-07-30,completado
490,177,2025-10-14,completado
491,344,2026-03-28,cancelado
492,269,2026-02-23,completado
493,214,2026-01-29,completado
494,154,2026-02-27,completado
495,387,2026-04-01,completado
496,124,2025-12-18,completado
497,154,2025-11-23,completado
498,74,2026-03-29,cancelado
499,469,2025-05-09,completado
500,212,2025-09-08,completado
501,286,2026-01-11,cancelado
502,199,2026-02-01,completado
503,105,2025-10-14,completado
504,41,2026-03-31,completado
505,434,2025-07-23,cancelado
506,275,2025-08-27,completado
507,98,2026-03-15,completado
508,194,2025-06-29,completado
509,309,2025-12-07,completado
510,38,2025-10-17,completado
511,390,2025-05-20,completado
512,344,2025-08-13,completado
513,246,2026-03-12,completado
514,465,2026-03-11,completado
515,490,2025-11-14,completado
516,109,2025-07-26,cancelado
517,493,2025-07-28,cancelado
518,383,2025-11-18,completado
519,246,2026-01-07,cancelado
520,357,2025-11-30,cancelado
521,105,2025-11-20,completado
522,123,2026-03-30,completado
523,398,2026-03-20,completado
524,239,2025-08-28,completado
525,184,2025-07-06,completado
526,185,2025-07-17,completado
527,255,2025-06-30,completado
528,412,2025-05-28,completado
529,241,2025-10-04,cancelado
530,164,2025-06-11,completado
531,190,2025-04-14,cancelado
532,24,2025-12-26,completado
533,114,2025-12-28,completado
534,9,2025-11-19,completado
535,479,2025-08-12,completado
536,369,2025-10-15,completado
537,79,2025-11-27,completado
538,118,2025-07-14,completado
539,427,2025-10-03,completado
540,282,2025-10-17,completado
541,351,2025-07-08,completado
542,391,2025-12-23,completado
543,495,2025-09-12,completado
544,379,2026-03-19,completado
545,87,2026-03-15,completado
546,181,2026-04-02,completado
547,369,2025-08-27,completado
548,95,2025-10-26,completado
549,278,2026-03-30,cancelado
550,491,2025-11-30,cancelado
551,18,2026-03-16,completado
552,39,2025-11-08,completado
553,343,2025-04-06,cancelado
554,4,2026-01-13,completado
555,432,2025-10-19,completado
556,35,2025-10-19,completado
557,5,2025-08-10,completado
558,234,2025-08-21,completado
559,317,2025-11-30,completado
560,479,2025-10-30,completado
561,248,2026-02-18,completado
562,9,2026-01-13,completado
563,283,2025-05-01,completado
564,9,2025-06-19,completado
565,141,2025-11-18,completado
566,147,2026-02-22,completado
567,417,2026-02-16,completado
568,221,2026-03-15,completado
569,466,2025-04-17,completado
570,471,2025-10-04,completado
571,77,2026-03-03,completado
572,318,2025-07-20,completado
573,418,2026-01-30,completado
574,408,2025-04-26,completado
575,192,2025-09-02,completado
576,236,2025-08-09,cancelado
577,357,2025-12-26,completado
578,351,2025-05-06,completado
579,42,2025-05-08,completado
580,440,2025-04-25,completado
581,17,2025-08-06,completado
582,195,2025-11-13,completado
583,244,2025-05-15,completado
584,5,2026-01-01,completado
585,43,2025-07-13,completado
586,223,2025-08-04,completado
587,170,2025-11-21,completado
588,440,2026-01-25,completado
589,459,2025-06-19,cancelado
590,22,2026-02-02,completado
591,462,2025-11-25,completado
592,455,2025-07-05,cancelado
593,139,2025-09-05,completado
594,39,2026-02-12,completado
595,144,2026-02-01,completado
596,289,2025-05-20,cancelado
597,92,2025-06-15,completado
598,162,2025-10-25,cancelado
599,107,2025-05-22,completado
600,386,2026-01-01,completado
601,421,2026-01-31,completado
602,40,2025-05-11,completado
603,289,2025-11-14,completado
604,428,2026-01-04,completado
605,347,2025-06-15,completado
606,170,2026-01-08,cancelado
607,379,2025-11-10,completado
608,353,2025-09-08,completado
609,257,2025-08-11,completado
610,178,2025-07-18,completado
611,224,2026-01-08,completado
612,39,2026-03-13,completado
613,394,2025-08-21,completado
614,305,2025-08-08,completado
615,397,2025-11-26,completado
616,325,2025-10-24,completado
617,231,2025-12-14,completado
618,183,2026-02-06,completado
619,193,2026-01-06,completado
620,349,2025-05-25,completado
621,195,2026-03-31,completado
622,317,2026-02-20,completado
623,127,2025-04-14,completado
624,43,2025-07-14,completado
625,195,2025-08-04,completado
626,325,2025-06-26,completado
627,200,2025-09-05,completado
628,55,2026-02-25,completado
629,483,2025-07-14,completado
630,185,2025-09-18,completado
631,53,2025-06-16,completado
632,96,2025-08-17,completado
633,286,2026-01-01,completado
634,209,2025-09-16,completado
635,46,2025-08-31,completado
636,48,2025-10-31,completado
637,402,2025-09-22,completado
638,198,2026-03-18,completado
639,212,2026-03-02,completado
640,44,2025-06-21,completado
641,287,2025-12-22,completado
642,125,2025-06-01,cancelado
643,87,2025-12-13,completado
644,87,2025-10-27,completado
645,155,2025-08-21,completado
646,75,2025-10-04,completado
647,223,2025-06-19,completado
648,154,2025-08-30,completado
649,40,2026-03-21,completado
650,484,2026-02-18,completado
651,321,2025-12-13,completado
652,316,2025-06-12,completado
653,55,2026-03-23,completado
654,4,2025-06-29,completado
655,171,2025-04-03,cancelado
656,195,2025-10-12,completado
657,169,2026-03-04,completado
658,221,2026-01-16,completado
659,441,2025-06-01,completado
660,305,2025-06-18,completado
661,165,2026-02-19,completado
662,356,2026-02-21,completado
663,161,2025-11-04,completado
664,204,2025-04-20,completado
665,150,2025-10-25,cancelado
666,325,2026-02-24,completado
667,295,2025-05-27,completado
668,167,2025-12-15,completado
669,419,2026-03-11,completado
670,187,2025-09-25,completado
671,289,2025-05-28,completado
672,280,2025-04-14,completado
673,394,2025-07-29,completado
674,488,2025-08-16,completado
675,483,2025-08-15,completado
676,225,2025-09-05,completado
677,426,2025-08-21,completado
678,420,2025-08-26,completado
679,408,2025-07-30,completado
680,256,2026-03-01,completado
681,156,2025-04-03,completado
682,338,2025-11-04,completado
683,217,2025-11-21,completado
684,38,2025-10-10,completado
685,307,2025-05-02,completado
686,206,2025-12-02,completado
687,473,2025-08-22,completado
688,355,2025-10-03,cancelado
689,19,2025-07-16,completado
690,185,2025-09-05,completado
691,416,2025-10-21,completado
692,327,2025-10-01,completado
693,56,2025-06-05,cancelado
694,337,2025-06-04,completado
695,86,2025-08-01,completado
696,23,2025-11-17,completado
697,331,2026-01-19,completado
698,205,2025-10-23,completado
699,170,2026-03-23,cancelado
700,221,2025-07-19,cancelado
701,51,2025-04-27,completado
702,262,2026-02-28,completado
703,286,2026-03-11,completado
704,295,2025-04-19,completado
705,192,2025-06-13,completado
706,396,2025-07-22,completado
707,354,2025-05-20,completado
708,177,2026-01-04,completado
709,248,2025-12-20,cancelado
710,213,2025-04-13,completado
711,44,2026-03-11,cancelado
712,482,2025-08-08,completado
713,179,2025-12-04,completado
714,234,2026-03-27,completado
715,267,2025-06-23,completado
716,244,2025-05-09,completado
717,370,2025-11-13,completado
718,164,2025-05-04,completado
719,23,2025-04-30,completado
720,59,2025-08-08,completado
721,176,2025-10-06,completado
722,347,2025-04-05,completado
723,477,2025-05-23,completado
724,125,2025-11-30,cancelado
725,283,2025-07-30,completado
726,287,2026-01-19,completado
727,237,2025-06-02,completado
728,208,2026-02-24,completado
729,96,2025-12-07,completado
730,222,2025-05-01,completado
731,378,2025-04-16,completado
732,102,2026-01-04,completado
733,220,2026-03-22,completado
734,361,2025-05-24,completado
735,143,2025-11-18,completado
736,415,2026-02-28,completado
737,296,2025-05-18,completado
738,447,2026-01-21,completado
739,188,2026-03-28,completado
740,235,2025-10-11,completado
741,344,2026-03-19,completado
742,271,2025-11-13,cancelado
743,161,2025-12-13,cancelado
744,313,2025-05-12,completado
745,59,2026-02-22,completado
746,433,2025-04-12,completado
747,89,2025-11-28,completado
748,362,2025-06-09,completado
749,471,2026-03-22,completado
750,44,2026-02-27,completado
751,161,2025-06-11,completado
752,157,2025-05-19,completado
753,192,2025-04-10,completado
754,262,2025-08-31,completado
755,306,2026-03-21,completado
756,197,2025-08-29,completado
757,250,2025-11-16,completado
758,356,2025-09-19,completado
759,477,2025-11-11,cancelado
760,285,2025-10-03,cancelado
761,148,2025-10-06,completado
762,162,2025-07-06,completado
763,318,2025-12-15,completado
764,184,2025-06-05,completado
765,249,2026-03-25,cancelado
766,418,2025-10-29,completado
767,288,2025-08-24,completado
768,254,2025-11-02,completado
769,252,2025-09-21,completado
770,431,2026-03-18,completado
771,86,2025-06-12,completado
772,16,2025-08-03,completado
773,113,2025-10-17,completado
774,141,2026-03-04,completado
775,148,2025-05-22,completado
776,235,2025-06-04,completado
777,396,2025-12-19,completado
778,282,2026-01-18,completado
779,294,2025-04-09,completado
780,397,2025-11-28,completado
781,188,2025-08-05,completado
782,388,2025-05-05,completado
783,369,2025-10-25,completado
784,112,2025-08-23,completado
785,53,2026-03-17,cancelado
786,335,2025-12-04,completado
787,153,2026-03-02,completado
788,17,2026-01-16,cancelado
789,179,2025-10-29,completado
790,45,2025-05-21,cancelado
791,61,2025-07-15,completado
792,122,2025-12-24,completado
793,378,2026-03-04,completado
794,180,2026-01-30,completado
795,313,2025-11-26,cancelado
796,85,2025-12-17,completado
797,402,2025-04-25,completado
798,106,2025-09-27,completado
799,292,2025-10-30,completado
800,144,2025-05-27,completado
801,87,2025-06-09,completado
802,361,2025-07-19,completado
803,294,2026-01-29,completado
804,440,2025-06-08,completado
805,461,2025-10-07,completado
806,49,2026-04-01,completado
807,385,2026-02-10,completado
808,471,2025-07-10,completado
809,142,2025-11-19,completado
810,65,2025-06-12,cancelado
811,68,2026-02-16,completado
812,365,2026-02-16,completado
813,127,2025-11-22,completado
814,347,2025-09-09,completado
815,73,2025-09-01,completado
816,138,2025-05-31,completado
817,193,2026-03-23,completado
818,325,2026-01-13,completado
819,394,2025-04-29,completado
820,264,2026-02-14,completado
821,356,2025-05-02,completado
822,189,2025-11-04,cancelado
823,250,2026-03-13,completado
824,2,2025-05-03,completado
825,434,2025-06-24,cancelado
826,375,2025-06-06,completado
827,326,2025-11-13,cancelado
828,184,2025-08-23,completado
829,408,2025-04-29,cancelado
830,112,2025-12-31,completado
831,423,2025-11-19,cancelado
832,138,2025-04-17,completado
833,146,2025-12-30,completado
834,296,2025-04-23,completado
835,437,2025-07-25,completado
836,176,2025-12-19,completado
837,391,2025-07-17,cancelado
838,51,2025-12-05,completado
839,429,2026-02-01,completado
840,64,2025-09-25,completado
841,81,2025-09-26,cancelado
842,1,2025-11-30,completado
843,220,2025-06-30,cancelado
844,353,2026-03-06,completado
845,452,2025-05-07,cancelado
846,82,2025-12-01,completado
847,449,2025-08-18,cancelado
848,336,2025-09-09,completado
849,43,2025-05-22,completado
850,463,2025-04-26,completado
851,27,2025-09-29,completado
852,157,2025-09-30,completado
853,387,2025-10-27,completado
854,336,2025-11-01,completado
855,49,2026-03-27,completado
856,245,2025-11-13,completado
857,304,2025-08-28,completado
858,349,2025-04-14,completado
859,5,2025-10-23,completado
860,419,2025-05-10,completado
861,441,2025-06-02,completado
862,68,2026-01-03,completado
863,118,2025-12-20,completado
864,375,2025-09-29,completado
865,53,2026-01-25,completado
866,452,2025-06-01,completado
867,196,2025-05-10,completado
868,386,2025-10-27,completado
869,329,2025-04-11,cancelado
870,74,2025-04-23,cancelado
871,289,2025-09-28,completado
872,333,2026-02-15,completado
873,180,2025-08-26,completado
874,322,2025-07-17,completado
875,471,2025-07-20,completado
876,352,2025-09-07,completado
877,112,2025-05-28,completado
878,52,2025-10-09,completado
879,64,2025-04-15,completado
880,197,2025-11-01,completado
881,220,2026-02-01,completado
882,72,2025-12-20,completado
883,331,2025-09-20,completado
884,284,2025-12-22,completado
885,370,2025-05-16,completado
886,399,2025-09-21,completado
887,14,2025-07-29,cancelado
888,338,2026-01-08,completado
889,106,2026-01-29,cancelado
890,261,2025-09-30,completado
891,201,2025-10-17,completado
892,28,2025-11-22,completado
893,407,2025-08-18,completado
894,254,2026-02-14,cancelado
895,124,2025-04-10,completado
896,305,2025-12-28,completado
897,456,2025-04-24,completado
898,185,2026-03-20,cancelado
899,68,2025-12-15,cancelado
900,430,2025-04-07,completado
901,188,2025-12-14,completado
902,89,2025-08-07,completado
903,489,2026-01-21,completado
904,38,2026-01-11,cancelado
905,35,2026-02-26,completado
906,111,2026-02-27,completado
907,31,2025-11-09,completado
908,204,2025-12-03,cancelado
909,322,2025-12-31,completado
910,393,2025-09-05,completado
911,360,2025-07-27,completado
912,328,2025-12-09,completado
913,316,2026-02-28,completado
914,43,2026-03-26,completado
915,262,2025-11-17,completado
916,499,2025-09-26,cancelado
917,275,2025-09-10,completado
918,301,2025-04-05,completado
919,428,2025-11-04,completado
920,330,2026-02-10,completado
921,358,2026-03-17,completado
922,489,2026-02-16,completado
923,30,2025-07-31,completado
924,474,2026-01-11,completado
925,233,2025-06-23,completado
926,29,2025-11-16,completado
927,380,2025-06-29,completado
928,90,2025-09-25,completado
929,363,2026-01-26,completado
930,6,2025-04-05,completado
931,488,2026-02-08,completado
932,265,2025-06-21,completado
933,370,2025-10-02,completado
934,191,2026-01-03,completado
935,400,2026-02-14,completado
936,376,2026-01-20,cancelado
937,395,2025-06-11,cancelado
938,172,2025-12-30,cancelado
939,140,2025-04-08,completado
940,135,2025-04-09,completado
941,296,2025-07-26,completado
942,255,2025-10-13,completado
943,185,2025-06-02,completado
944,440,2026-04-02,completado
945,189,2025-11-17,completado
946,396,2025-08-06,completado
947,294,2025-06-17,completado
948,60,2025-06-05,completado
949,261,2026-03-10,completado
950,440,2025-09-29,completado
951,126,2025-05-11,cancelado
952,187,2025-07-08,completado
953,77,2026-02-23,completado
954,492,2025-10-31,completado
955,284,2025-10-23,cancelado
956,366,2026-03-11,completado
957,215,2025-06-18,completado
958,128,2025-10-01,completado
959,369,2025-09-25,completado
960,423,2025-07-18,completado
961,191,2025-12-18,completado
962,345,2025-06-25,completado
963,92,2026-02-26,cancelado
964,265,2026-03-01,completado
965,489,2025-09-05,cancelado
966,450,2025-12-04,completado
967,145,2026-03-07,completado
968,160,2025-12-03,completado
969,284,2025-11-25,completado
970,189,2026-01-08,completado
971,289,2025-06-07,completado
972,379,2025-04-27,completado
973,238,2025-06-14,completado
974,498,2026-02-15,completado
975,396,2025-04-26,completado
976,376,2025-06-01,completado
977,390,2025-07-04,cancelado
978,78,2025-11-11,completado
979,210,2025-04-26,completado
980,278,2026-02-04,completado
981,430,2025-06-10,completado
982,5,2025-08-15,completado
983,1,2025-05-05,cancelado
984,193,2026-02-22,completado
985,373,2025-10-17,completado
986,106,2025-08-15,completado
987,122,2025-08-26,completado
988,493,2025-12-21,completado
989,73,2025-04-21,completado
990,48,2026-02-23,completado
991,119,2025-07-28,completado
992,267,2025-12-23,cancelado
993,459,2026-03-17,completado
994,499,2026-03-22,completado
995,298,2025-09-29,completado
996,69,2026-03-20,completado
997,202,2026-03-05,completado
998,291,2025-12-21,completado
999,340,2026-02-11,completado
1000,122,2025-07-31,cancelado
